--User
INSERT INTO USER(id,login,password,age,CITY,COUNTRY,ZIP_CODE) VALUES(1,'Login 1','pass',4,'city','country','zipCode');
INSERT INTO USER(id,login,password,age,CITY,COUNTRY,ZIP_CODE) VALUES(2,'Login 2','pass',10,'city','country','zipCode');
INSERT INTO USER(id,login,password,age,CITY,COUNTRY,ZIP_CODE) VALUES(3,'Login 3','pass',35,'city','country','zipCode');
INSERT INTO USER(id,login,password,age,CITY,COUNTRY,ZIP_CODE) VALUES(4,'Login 4','pass',61,'city','country','zipCode');
INSERT INTO USER(id,login,password,age,CITY,COUNTRY,ZIP_CODE) VALUES(5,'Login 5','pass',19,'city','country','zipCode');

--User Group
INSERT INTO USER_GROUP(ID,NAME ) VALUES(1,'Grupa 1');
INSERT INTO USER_GROUP(ID,NAME ) VALUES(2,'Grupa 2');

--USER IN User Group
INSERT INTO USER__USER_GROUP(USER_ID,USER_GROUP_ID) VALUES(1,1);
INSERT INTO USER__USER_GROUP(USER_ID,USER_GROUP_ID) VALUES(2,1);
INSERT INTO USER__USER_GROUP(USER_ID,USER_GROUP_ID) VALUES(3,1);
INSERT INTO USER__USER_GROUP(USER_ID,USER_GROUP_ID) VALUES(4,2);
INSERT INTO USER__USER_GROUP(USER_ID,USER_GROUP_ID) VALUES(5,2);

--TASK Categopry
INSERT INTO TASK_CATEGORY (ID,NAME) VALUES(1,'Kategoria 1');
INSERT INTO TASK_CATEGORY (ID,NAME) VALUES(2,'Kategoria 2');

--TASK
INSERT INTO TASK(TYPE,ID,CREATE_DATE,TITLE,CONTENT,TASK_CATEGORY_ID,USER_ID) VALUES('note',1,'2015-11-25','Zadanie 1','C O N T E N T',1,1);
INSERT INTO TASK(TYPE,ID,CREATE_DATE,TITLE,CONTENT,TASK_CATEGORY_ID,USER_ID) VALUES('note',2,'2015-11-24','Zadanie 2','C O N T E N T',2,2);
INSERT INTO TASK(TYPE,ID,CREATE_DATE,TITLE,CONTENT,TASK_CATEGORY_ID,USER_ID) VALUES('note',3,'2015-11-23','Zadanie 3','C O N T E N T',1,3);
INSERT INTO TASK(TYPE,ID,CREATE_DATE,TITLE,CONTENT,TASK_CATEGORY_ID,USER_ID) VALUES('list',4,'2015-11-22','Zadanie 4',NULL ,2,4);
INSERT INTO TASK(TYPE,ID,CREATE_DATE,TITLE,CONTENT,TASK_CATEGORY_ID,USER_ID) VALUES('list',5,'2015-11-21','Zadanie 5',NULL ,1,5);

--SubTask List
INSERT INTO TASK_LIST_SUBTASK  (TASK_ID,IS_DONE,DESCRIPTION ) VALUES(4,'Pod zadanie 1');
INSERT INTO TASK_LIST_SUBTASK  (TASK_ID,IS_DONE,DESCRIPTION ) VALUES(4,'Pod zadanie 2');
INSERT INTO TASK_LIST_SUBTASK  (TASK_ID,IS_DONE,DESCRIPTION ) VALUES(5,'Pod zadanie 1');
INSERT INTO TASK_LIST_SUBTASK  (TASK_ID,IS_DONE,DESCRIPTION ) VALUES(5,'Pod zadanie 2');
